{
  "$schema": "../../node_modules/@angular/service-worker/config/schema.json",
  "index": "/index.html",
  "appData": {
    "version": "6.0.1",
    "changelog": "PWA: trying a better update mode"
  },
  "assetGroups": [
    {
      "name": "onlyapp",
      "installMode": "prefetch",
      "resources": {
        "files": [
          "/favicon.ico",
          "/index.html",
          "/manifest.webmanifest",
          "/*.css",
          "/common*.js",
          "/main*.js",
          "/ngsw*.js",
          "/*woker*.js",
          "/*polyfills*.js",
          "/runtime*.js"
        ]
      }
    },
    {
      "name": "lazyapp",
      "installMode": "lazy",
      "updateMode": "prefetch",
      "resources": {
        "files": ["/*.js"]
      }
    },
    {
      "name": "assets",
      "installMode": "lazy",
      "updateMode": "prefetch",
      "resources": {
        "files": [
          "/assets/**",
          "/*.(eot|svg|cur|jpg|png|webp|gif|otf|ttf|woff|woff2|ani)"
        ]
      }
    }
  ],
  "dataGroups": [
    {
      "name": "cache-first",
      "urls": [
        "http://localhost:3333/api"
      ],
      "cacheConfig": {
        "strategy": "performance",
        "maxAge": "1d",
        "maxSize": 10
      }
    },
    {
      "name": "api-first-rates",
      "urls": [
        "https://api.exchangeratesapi.io/latest?symbols=GBP",
        "https://api.exchangeratesapi.io/latest"
      ],
      "cacheConfig": {
        "strategy": "freshness",
        "timeout": "5s",
        "maxAge": "1h",
        "maxSize": 10
      }
    }
  ]
}

