{
  "migrations": [
    {
      "version": "9.0.0-beta.1",
      "description": "Update typescript to 3.6 and angular/cli to version 9",
      "factory": "./src/migrations/update-9-0-0/update-9-0-0",
      "package": "@nrwl/workspace",
      "name": "update-9-0-0"
    },
    {
      "version": "9.1.0-beta.1",
      "description": "Update prettier to 1.19.1 with support for typescript 3.7; Update eslint and tslint",
      "factory": "./src/migrations/update-9-1-0/update-9-1-0",
      "package": "@nrwl/workspace",
      "name": "update-9-1-0"
    },
    {
      "version": "9.1.0-beta.1",
      "description": "Update eslint and tslint config to provide better IDE support",
      "factory": "./src/migrations/update-9-1-0/update-lint-config",
      "package": "@nrwl/workspace",
      "name": "update-lint-config-9-1-0"
    },
    {
      "version": "9.2.0-beta.1",
      "description": "Add cacheable operations to nx.json",
      "factory": "./src/migrations/update-9-2-0/update-9-2-0",
      "package": "@nrwl/workspace",
      "name": "update-9-2-0"
    },
    {
      "version": "9.3.0-beta.1",
      "description": "Update prettier to v2",
      "factory": "./src/migrations/update-9-3-0/update-9-3-0",
      "package": "@nrwl/workspace",
      "name": "update-9-3-0"
    }
  ]
}