{
  "npmScope": "api-angular",
  "implicitDependencies": {
    "angular.json": "*",
    "package.json": {
      "dependencies": "*",
      "devDependencies": "*"
    },
    "tsconfig.json": "*",
    "tslint.json": "*",
    "nx.json": "*"
  },
  "projects": {
    "bm": {
      "tags": []
    },
    "bm-e2e": {
      "tags": [],
      "implicitDependencies": ["bm"]
    },
    "datos": {
      "tags": []
    },
    "servicios": {
      "tags": []
    },
    "bm-api": {
      "tags": []
    },
    "bm-api-e2e": {
      "tags": [],
      "implicitDependencies": ["bm-api"]
    },
    "api": {
      "tags": []
    },
    "api-e2e": {
      "tags": [],
      "implicitDependencies": ["api"]
    },
    "api-region": {
      "tags": []
    },
    "api-region-e2e": {
      "tags": [],
      "implicitDependencies": ["api-region"]
    },
    "api-cont": {
      "tags": []
    },
    "api-cont-e2e": {
      "tags": [],
      "implicitDependencies": ["api-cont"]
    }
  },
  "tasksRunnerOptions": {
    "default": {
      "runner": "@nrwl/workspace/tasks-runners/default",
      "options": {
        "cacheableOperations": ["build", "lint", "test", "e2e"]
      }
    }
  }
}
